CLEAR SCR

-- For Branch: branch_name, branch_city, assets
INSERT INTO branch VALUES ('Branch 0', 'Varanasi', 4863617);
INSERT INTO branch VALUES ('Branch 1', 'Indore', 57910);
INSERT INTO branch VALUES ('Branch 2', 'Ghaziabad', 628061);
INSERT INTO branch VALUES ('Branch 3', 'Surat', 4019128);
INSERT INTO branch VALUES ('Branch 4', 'Bengaluru', 4529016);
INSERT INTO branch VALUES ('Branch 5', 'Ghaziabad', 395391);
INSERT INTO branch VALUES ('Branch 6', 'Bhopal', 564304);
INSERT INTO branch VALUES ('Branch 7', 'Srinagar', 2033421);
INSERT INTO branch VALUES ('Branch 8', 'Varanasi', 4875696);
INSERT INTO branch VALUES ('Branch 9', 'Srinagar', 1555108);
INSERT INTO branch VALUES ('Branch 10', 'Surat', 1379932);
INSERT INTO branch VALUES ('Branch 11', 'Mumbai', 75746);
INSERT INTO branch VALUES ('Branch 12', 'Nagpur', 3773149);
INSERT INTO branch VALUES ('Branch 13', 'Pune', 714112);
INSERT INTO branch VALUES ('Branch 14', 'Bhopal', 2527967);
INSERT INTO branch VALUES ('Branch 15', 'Kalyan', 1371072);
INSERT INTO branch VALUES ('Branch 16', 'Aurangabad', 2311507);
INSERT INTO branch VALUES ('Branch 17', 'Madurai', 1321094);
INSERT INTO branch VALUES ('Branch 18', 'Thana', 293594);
INSERT INTO branch VALUES ('Branch 19', 'Delhi', 2965736);
INSERT INTO branch VALUES ('Branch 20', 'Kalyan', 2309539);
INSERT INTO branch VALUES ('Branch 21', 'Kalyan', 3435866);
INSERT INTO branch VALUES ('Branch 22', 'Visakhapatnam', 4109734);
INSERT INTO branch VALUES ('Branch 23', 'Srinagar', 417870);
INSERT INTO branch VALUES ('Branch 24', 'Srinagar', 4173471);
INSERT INTO branch VALUES ('Branch 25', 'Hyderabad', 3035895);
INSERT INTO branch VALUES ('Branch 26', 'Pune', 77619);
INSERT INTO branch VALUES ('Branch 27', 'Meerut', 531685);
INSERT INTO branch VALUES ('Branch 28', 'Agra', 4497044);
INSERT INTO branch VALUES ('Branch 29', 'Surat', 3525274);
INSERT INTO branch VALUES ('Branch 30', 'Navi Mumbai', 1493130);
INSERT INTO branch VALUES ('Branch 31', 'Indore', 3838734);
INSERT INTO branch VALUES ('Branch 32', 'Nashik', 4697449);
INSERT INTO branch VALUES ('Branch 33', 'Surat', 4301897);
INSERT INTO branch VALUES ('Branch 34', 'Ludhiana', 4660221);
INSERT INTO branch VALUES ('Branch 35', 'Aurangabad', 170272);
INSERT INTO branch VALUES ('Branch 36', 'Faridabad', 2253824);
INSERT INTO branch VALUES ('Branch 37', 'Srinagar', 2596799);
INSERT INTO branch VALUES ('Branch 38', 'Dhuri', 2233609);
INSERT INTO branch VALUES ('Branch 39', 'Bengaluru', 4498244);
INSERT INTO branch VALUES ('Branch 40', 'Patna', 3258400);
INSERT INTO branch VALUES ('Branch 41', 'Chennai', 2892177);
INSERT INTO branch VALUES ('Branch 42', 'Srinagar', 1813903);
INSERT INTO branch VALUES ('Branch 43', 'Lucknow', 4757791);
INSERT INTO branch VALUES ('Branch 44', 'Aurangabad', 1954276);
INSERT INTO branch VALUES ('Branch 45', 'Allahabad', 4308349);
INSERT INTO branch VALUES ('Branch 46', 'Patna', 2351844);
INSERT INTO branch VALUES ('Branch 47', 'Indore', 4109578);
INSERT INTO branch VALUES ('Branch 48', 'Allahabad', 1419963);
INSERT INTO branch VALUES ('Branch 49', 'Varanasi', 3723139);

-- For Customer: customer_name, customer_street, customer_city
INSERT INTO customer VALUES ('Amy Lowe', 'Melton Mowbray', 'Dhuri');
INSERT INTO customer VALUES ('Kennith Lind', 'Crewkerne', 'Mumbai');
INSERT INTO customer VALUES ('Dr. Eloy Huel', 'Gallipolis', 'Ghaziabad');
INSERT INTO customer VALUES ('Chad Hilll', 'Price', 'Cuddapah');
INSERT INTO customer VALUES ('Daphne Rogahn', 'Deal', 'Amritsar');
INSERT INTO customer VALUES ('Garrett Stanton', 'Dubbo', 'Lucknow');
INSERT INTO customer VALUES ('Mrs. Monroe Hackett', 'Wauwatosa', 'Ludhiana');
INSERT INTO customer VALUES ('Antonia Dooley', 'Gallipolis', 'Bhopal');
INSERT INTO customer VALUES ('Hayley Durgan', 'Monett', 'Kolkata');
INSERT INTO customer VALUES ('Mrs. Alaina Ward', 'Price', 'Pune');
INSERT INTO customer VALUES ('Nickolas Mann', 'Cocoa Beach', 'Delhi');
INSERT INTO customer VALUES ('Monserrate Davis', 'Dubbo', 'Kolkata');
INSERT INTO customer VALUES ('Bella McClure', 'Price', 'Navi Mumbai');
INSERT INTO customer VALUES ('Ethyl Gorczany', 'Norwich', 'Visakhapatnam');
INSERT INTO customer VALUES ('Royce Mayer', 'Gallipolis', 'Nagpur');
INSERT INTO customer VALUES ('Ms. Jabari McKenzie', 'Millburn', 'Allahabad');
INSERT INTO customer VALUES ('Amanda Romaguera', 'Price', 'Meerut');
INSERT INTO customer VALUES ('Juliana Morissette', 'Gallipolis', 'Dhuri');
INSERT INTO customer VALUES ('Sebastian Crona', 'Gallipolis', 'Aurangabad');
INSERT INTO customer VALUES ('Katelyn Schmeler', 'Nags Head', 'Nagpur');

-- For Loan: loan_number, branch_name, loan_amount
INSERT INTO loan VALUES (424538, 'Branch 38', 'Kalyan');
INSERT INTO loan VALUES (192307, 'Branch 46', 'Faridabad');
INSERT INTO loan VALUES (929650, 'Branch 34', 'Bengaluru');
INSERT INTO loan VALUES (666889, 'Branch 8', 'Pimpri');
INSERT INTO loan VALUES (773525, 'Branch 1', 'Bhopal');
INSERT INTO loan VALUES (967021, 'Branch 10', 'Cuddapah');
INSERT INTO loan VALUES (268750, 'Branch 7', 'Lucknow');
INSERT INTO loan VALUES (740204, 'Branch 20', 'Patna');
INSERT INTO loan VALUES (719972, 'Branch 14', 'Indore');
INSERT INTO loan VALUES (839526, 'Branch 24', 'Lucknow');
INSERT INTO loan VALUES (792063, 'Branch 14', 'Meerut');
INSERT INTO loan VALUES (669193, 'Branch 42', 'Nashik');
INSERT INTO loan VALUES (446396, 'Branch 45', 'Patna');
INSERT INTO loan VALUES (111668, 'Branch 48', 'Varanasi');
INSERT INTO loan VALUES (929440, 'Branch 1', 'Dhuri');
INSERT INTO loan VALUES (149663, 'Branch 4', 'Thana');
INSERT INTO loan VALUES (882744, 'Branch 46', 'Kalyan');
INSERT INTO loan VALUES (224611, 'Branch 29', 'Kolkata');
INSERT INTO loan VALUES (893406, 'Branch 22', 'Narsimhapur');
INSERT INTO loan VALUES (854550, 'Branch 41', 'Amritsar');
INSERT INTO loan VALUES (191410, 'Branch 35', 'Meerut');
INSERT INTO loan VALUES (500017, 'Branch 13', 'Vadodara');
INSERT INTO loan VALUES (560490, 'Branch 40', 'Delhi');
INSERT INTO loan VALUES (424177, 'Branch 32', 'Kalyan');
INSERT INTO loan VALUES (773554, 'Branch 23', 'Amritsar');
INSERT INTO loan VALUES (544815, 'Branch 41', 'Dhuri');
INSERT INTO loan VALUES (593227, 'Branch 18', 'Agra');
INSERT INTO loan VALUES (490903, 'Branch 49', 'Faridabad');
INSERT INTO loan VALUES (160915, 'Branch 31', 'Ghaziabad');
INSERT INTO loan VALUES (798110, 'Branch 15', 'Jaipur');

-- For Borrower: customer_name, loan_number
INSERT INTO borrower VALUES ('Monserrate Davis', 424538);
INSERT INTO borrower VALUES ('Kennith Lind', 192307);
INSERT INTO borrower VALUES ('Antonia Dooley', 929650);
INSERT INTO borrower VALUES ('Dr. Eloy Huel', 666889);
INSERT INTO borrower VALUES ('Juliana Morissette', 773525);
INSERT INTO borrower VALUES ('Amanda Romaguera', 967021);
INSERT INTO borrower VALUES ('Royce Mayer', 268750);
INSERT INTO borrower VALUES ('Kennith Lind', 740204);
INSERT INTO borrower VALUES ('Monserrate Davis', 719972);
INSERT INTO borrower VALUES ('Royce Mayer', 839526);
INSERT INTO borrower VALUES ('Juliana Morissette', 792063);
INSERT INTO borrower VALUES ('Nickolas Mann', 669193);
INSERT INTO borrower VALUES ('Bella McClure', 446396);
INSERT INTO borrower VALUES ('Juliana Morissette', 111668);
INSERT INTO borrower VALUES ('Daphne Rogahn', 929440);
INSERT INTO borrower VALUES ('Mrs. Monroe Hackett', 149663);
INSERT INTO borrower VALUES ('Bella McClure', 882744);
INSERT INTO borrower VALUES ('Amanda Romaguera', 224611);
INSERT INTO borrower VALUES ('Mrs. Alaina Ward', 893406);
INSERT INTO borrower VALUES ('Amanda Romaguera', 854550);
INSERT INTO borrower VALUES ('Monserrate Davis', 191410);
INSERT INTO borrower VALUES ('Garrett Stanton', 500017);
INSERT INTO borrower VALUES ('Daphne Rogahn', 560490);
INSERT INTO borrower VALUES ('Amy Lowe', 424177);
INSERT INTO borrower VALUES ('Ms. Jabari McKenzie', 773554);
INSERT INTO borrower VALUES ('Nickolas Mann', 544815);
INSERT INTO borrower VALUES ('Sebastian Crona', 593227);
INSERT INTO borrower VALUES ('Daphne Rogahn', 490903);
INSERT INTO borrower VALUES ('Mrs. Monroe Hackett', 160915);
INSERT INTO borrower VALUES ('Mrs. Alaina Ward', 798110);

-- For Account: account_number, branch_name, balance
INSERT INTO account VALUES (49711184, 'Branch 44', 69491);
INSERT INTO account VALUES (38632341, 'Branch 10', 75040);
INSERT INTO account VALUES (77866071, 'Branch 18', 11159);
INSERT INTO account VALUES (83343433, 'Branch 5', 34126);
INSERT INTO account VALUES (72848610, 'Branch 35', 7585);
INSERT INTO account VALUES (59506676, 'Branch 5', 26696);
INSERT INTO account VALUES (87883464, 'Branch 12', 16660);
INSERT INTO account VALUES (63044586, 'Branch 30', 63571);
INSERT INTO account VALUES (18364738, 'Branch 24', 78700);
INSERT INTO account VALUES (16608314, 'Branch 31', 76131);
INSERT INTO account VALUES (89360760, 'Branch 45', 91295);
INSERT INTO account VALUES (34124751, 'Branch 11', 44850);
INSERT INTO account VALUES (92418130, 'Branch 49', 12420);
INSERT INTO account VALUES (22503873, 'Branch 16', 50771);
INSERT INTO account VALUES (96183129, 'Branch 0', 54678);
INSERT INTO account VALUES (35684531, 'Branch 5', 44643);
INSERT INTO account VALUES (94074732, 'Branch 24', 69254);
INSERT INTO account VALUES (73560196, 'Branch 47', 78923);
INSERT INTO account VALUES (74826117, 'Branch 41', 46635);
INSERT INTO account VALUES (59621497, 'Branch 46', 79289);
INSERT INTO account VALUES (51921822, 'Branch 4', 8149);
INSERT INTO account VALUES (73128040, 'Branch 27', 96686);
INSERT INTO account VALUES (52302415, 'Branch 19', 46161);
INSERT INTO account VALUES (91927461, 'Branch 5', 41635);
INSERT INTO account VALUES (91189824, 'Branch 46', 68273);
INSERT INTO account VALUES (95813731, 'Branch 22', 84429);
INSERT INTO account VALUES (85357257, 'Branch 4', 77876);
INSERT INTO account VALUES (22919629, 'Branch 6', 70636);
INSERT INTO account VALUES (69743017, 'Branch 45', 59853);
INSERT INTO account VALUES (63015546, 'Branch 28', 8771);
INSERT INTO account VALUES (50321490, 'Branch 18', 40617);
INSERT INTO account VALUES (95027704, 'Branch 22', 71307);
INSERT INTO account VALUES (35538320, 'Branch 47', 25352);
INSERT INTO account VALUES (41635028, 'Branch 48', 6725);
INSERT INTO account VALUES (14977666, 'Branch 38', 48308);
INSERT INTO account VALUES (56390022, 'Branch 27', 90766);
INSERT INTO account VALUES (59820882, 'Branch 24', 39915);
INSERT INTO account VALUES (61096693, 'Branch 14', 80628);
INSERT INTO account VALUES (59253212, 'Branch 42', 51050);
INSERT INTO account VALUES (97275526, 'Branch 22', 90735);
INSERT INTO account VALUES (11400127, 'Branch 9', 54744);
INSERT INTO account VALUES (28138521, 'Branch 18', 3014);
INSERT INTO account VALUES (80722199, 'Branch 3', 78075);
INSERT INTO account VALUES (42313746, 'Branch 29', 4167);
INSERT INTO account VALUES (60559051, 'Branch 49', 87724);
INSERT INTO account VALUES (94245903, 'Branch 4', 96203);
INSERT INTO account VALUES (20702139, 'Branch 37', 48423);
INSERT INTO account VALUES (69953781, 'Branch 32', 10730);
INSERT INTO account VALUES (71995970, 'Branch 1', 5058);
INSERT INTO account VALUES (23823627, 'Branch 9', 96191);

-- For Depositor: customer_name, account_number
INSERT INTO depositor VALUES ('Chad Hilll', 49711184);
INSERT INTO depositor VALUES ('Chad Hilll', 38632341);
INSERT INTO depositor VALUES ('Amanda Romaguera', 77866071);
INSERT INTO depositor VALUES ('Monserrate Davis', 83343433);
INSERT INTO depositor VALUES ('Juliana Morissette', 72848610);
INSERT INTO depositor VALUES ('Antonia Dooley', 59506676);
INSERT INTO depositor VALUES ('Mrs. Alaina Ward', 87883464);
INSERT INTO depositor VALUES ('Royce Mayer', 63044586);
INSERT INTO depositor VALUES ('Mrs. Monroe Hackett', 18364738);
INSERT INTO depositor VALUES ('Kennith Lind', 16608314);
INSERT INTO depositor VALUES ('Amy Lowe', 89360760);
INSERT INTO depositor VALUES ('Mrs. Alaina Ward', 34124751);
INSERT INTO depositor VALUES ('Katelyn Schmeler', 92418130);
INSERT INTO depositor VALUES ('Garrett Stanton', 22503873);
INSERT INTO depositor VALUES ('Garrett Stanton', 96183129);
INSERT INTO depositor VALUES ('Hayley Durgan', 35684531);
INSERT INTO depositor VALUES ('Antonia Dooley', 94074732);
INSERT INTO depositor VALUES ('Ms. Jabari McKenzie', 73560196);
INSERT INTO depositor VALUES ('Royce Mayer', 74826117);
INSERT INTO depositor VALUES ('Nickolas Mann', 59621497);
INSERT INTO depositor VALUES ('Chad Hilll', 51921822);
INSERT INTO depositor VALUES ('Katelyn Schmeler', 73128040);
INSERT INTO depositor VALUES ('Sebastian Crona', 52302415);
INSERT INTO depositor VALUES ('Mrs. Alaina Ward', 91927461);
INSERT INTO depositor VALUES ('Mrs. Monroe Hackett', 91189824);
INSERT INTO depositor VALUES ('Dr. Eloy Huel', 95813731);
INSERT INTO depositor VALUES ('Royce Mayer', 85357257);
INSERT INTO depositor VALUES ('Antonia Dooley', 22919629);
INSERT INTO depositor VALUES ('Mrs. Alaina Ward', 69743017);
INSERT INTO depositor VALUES ('Monserrate Davis', 63015546);
INSERT INTO depositor VALUES ('Amanda Romaguera', 50321490);
INSERT INTO depositor VALUES ('Garrett Stanton', 95027704);
INSERT INTO depositor VALUES ('Amy Lowe', 35538320);
INSERT INTO depositor VALUES ('Mrs. Alaina Ward', 41635028);
INSERT INTO depositor VALUES ('Daphne Rogahn', 14977666);
INSERT INTO depositor VALUES ('Hayley Durgan', 56390022);
INSERT INTO depositor VALUES ('Ms. Jabari McKenzie', 59820882);
INSERT INTO depositor VALUES ('Katelyn Schmeler', 61096693);
INSERT INTO depositor VALUES ('Amy Lowe', 59253212);
INSERT INTO depositor VALUES ('Nickolas Mann', 97275526);
INSERT INTO depositor VALUES ('Dr. Eloy Huel', 11400127);
INSERT INTO depositor VALUES ('Monserrate Davis', 28138521);
INSERT INTO depositor VALUES ('Royce Mayer', 80722199);
INSERT INTO depositor VALUES ('Juliana Morissette', 42313746);
INSERT INTO depositor VALUES ('Amanda Romaguera', 60559051);
INSERT INTO depositor VALUES ('Amy Lowe', 94245903);
INSERT INTO depositor VALUES ('Mrs. Monroe Hackett', 20702139);
INSERT INTO depositor VALUES ('Royce Mayer', 69953781);
INSERT INTO depositor VALUES ('Nickolas Mann', 71995970);
INSERT INTO depositor VALUES ('Nickolas Mann', 23823627);

-- For employee: employee_name, branch_name, dob, salary
INSERT INTO employee VALUES ('Oluwajomiloju', 'Branch 22', '17-Oct-1985', 318037);
INSERT INTO employee VALUES ('Maho', 'Branch 20', '12-Nov-2004', 97132);
INSERT INTO employee VALUES ('Amir', 'Branch 41', '5-Feb-1972', 8026);
INSERT INTO employee VALUES ('Jozie', 'Branch 37', '20-Aug-1973', 94369);
INSERT INTO employee VALUES ('Iyuna', 'Branch 7', '23-Apr-1984', 278133);
INSERT INTO employee VALUES ('Keyora', 'Branch 23', '8-Dec-1954', 84645);
INSERT INTO employee VALUES ('Pilot', 'Branch 33', '5-Jan-1966', 282331);
INSERT INTO employee VALUES ('Dartha', 'Branch 30', '2-Jan-1958', 287298);
INSERT INTO employee VALUES ('Jalyn', 'Branch 8', '9-Sep-1984', 414905);
INSERT INTO employee VALUES ('Ashilee', 'Branch 2', '17-Apr-1968', 154359);
INSERT INTO employee VALUES ('Jamise', 'Branch 43', '15-Dec-2000', 190362);
INSERT INTO employee VALUES ('Zhyon', 'Branch 44', '10-Dec-1957', 232713);
INSERT INTO employee VALUES ('Hitomi', 'Branch 43', '15-Aug-1958', 283114);
INSERT INTO employee VALUES ('Virga', 'Branch 4', '30-Mar-1983', 50233);
INSERT INTO employee VALUES ('Narjis', 'Branch 10', '11-Jul-1954', 387304);
INSERT INTO employee VALUES ('Jayvn', 'Branch 20', '7-Aug-1981', 265680);
INSERT INTO employee VALUES ('Majed', 'Branch 2', '9-Jun-1950', 296212);
INSERT INTO employee VALUES ('Chanaya', 'Branch 30', '3-Jun-1976', 119244);
INSERT INTO employee VALUES ('Tammyann', 'Branch 28', '2-Jan-1957', 206382);
INSERT INTO employee VALUES ('Sakariye', 'Branch 8', '7-Mar-1977', 120647);
INSERT INTO employee VALUES ('Shareem', 'Branch 42', '20-Nov-1958', 401045);
INSERT INTO employee VALUES ('Marcuse', 'Branch 25', '20-Nov-1968', 249284);
INSERT INTO employee VALUES ('Ashee', 'Branch 34', '26-Aug-1983', 49253);
INSERT INTO employee VALUES ('Estee', 'Branch 28', '5-Jun-1971', 327505);
INSERT INTO employee VALUES ('Xariah', 'Branch 10', '11-Nov-1976', 47751);
INSERT INTO employee VALUES ('Juliaunna', 'Branch 32', '25-Aug-1968', 214101);
INSERT INTO employee VALUES ('Izetta', 'Branch 41', '5-Jun-1995', 234533);
INSERT INTO employee VALUES ('Coleena', 'Branch 9', '15-Mar-1972', 275598);
INSERT INTO employee VALUES ('Zahcary', 'Branch 29', '22-Feb-1951', 334067);
INSERT INTO employee VALUES ('Severi', 'Branch 24', '19-May-1981', 93493);
INSERT INTO employee VALUES ('Fahad', 'Branch 12', '8-Nov-1977', 330630);
INSERT INTO employee VALUES ('Shaneeka', 'Branch 25', '15-Jan-1959', 424496);
INSERT INTO employee VALUES ('Govind', 'Branch 0', '3-Jul-1985', 392641);
INSERT INTO employee VALUES ('Mesai', 'Branch 47', '20-May-1959', 205548);
INSERT INTO employee VALUES ('Ifechukwu', 'Branch 12', '9-Aug-1962', 394386);
INSERT INTO employee VALUES ('Azaleah', 'Branch 46', '30-Jan-1960', 221805);
INSERT INTO employee VALUES ('Bunny', 'Branch 26', '4-Dec-1980', 255041);
INSERT INTO employee VALUES ('Moira', 'Branch 42', '6-Nov-1971', 44020);
INSERT INTO employee VALUES ('Tyrhianna', 'Branch 29', '27-Jan-1968', 405234);
INSERT INTO employee VALUES ('Traherne', 'Branch 6', '4-Sep-1991', 357633);
INSERT INTO employee VALUES ('Bertalan', 'Branch 19', '5-Jan-1993', 120568);
INSERT INTO employee VALUES ('Yilin', 'Branch 5', '21-Apr-1950', 294280);
INSERT INTO employee VALUES ('Jaquette', 'Branch 11', '20-Aug-1996', 331049);
INSERT INTO employee VALUES ('Jawon', 'Branch 38', '19-Oct-1996', 102836);
INSERT INTO employee VALUES ('Giles', 'Branch 30', '25-Apr-1965', 13696);
INSERT INTO employee VALUES ('Breyannah', 'Branch 10', '13-Jul-1951', 204237);
INSERT INTO employee VALUES ('Zaiyana', 'Branch 31', '16-Jun-1964', 24561);
INSERT INTO employee VALUES ('Aurra', 'Branch 1', '3-Feb-1972', 285327);
INSERT INTO employee VALUES ('Jayvion', 'Branch 37', '16-Nov-1986', 76825);
INSERT INTO employee VALUES ('Sidhanth', 'Branch 39', '13-Oct-1990', 100624);