INSERT INTO employee VALUES ('Amy Lowe', 'Melton Mowbray', 'Dhuri');
INSERT INTO employee VALUES ('Kennith Lind', 'Crewkerne', 'Mumbai');
INSERT INTO employee VALUES ('Dr. Eloy Huel', 'Gallipolis', 'Ghaziabad');
INSERT INTO employee VALUES ('Chad Hilll', 'Price', 'Cuddapah');
INSERT INTO employee VALUES ('Daphne Rogahn', 'Deal', 'Amritsar');
INSERT INTO employee VALUES ('Garrett Stanton', 'Dubbo', 'Lucknow');
INSERT INTO employee VALUES ('Mrs. Monroe Hackett', 'Wauwatosa', 'Ludhiana');
INSERT INTO employee VALUES ('Antonia Dooley', 'Gallipolis', 'Bhopal');
INSERT INTO employee VALUES ('Hayley Durgan', 'Monett', 'Kolkata');
INSERT INTO employee VALUES ('Mrs. Alaina Ward', 'Price', 'Pune');
INSERT INTO employee VALUES ('Nickolas Mann', 'Cocoa Beach', 'Delhi');
INSERT INTO employee VALUES ('Monserrate Davis', 'Dubbo', 'Kolkata');
INSERT INTO employee VALUES ('Bella McClure', 'Price', 'Navi Mumbai');
INSERT INTO employee VALUES ('Ethyl Gorczany', 'Norwich', 'Visakhapatnam');
INSERT INTO employee VALUES ('Royce Mayer', 'Gallipolis', 'Nagpur');
INSERT INTO employee VALUES ('Ms. Jabari McKenzie', 'Millburn', 'Allahabad');
INSERT INTO employee VALUES ('Amanda Romaguera', 'Price', 'Meerut');
INSERT INTO employee VALUES ('Juliana Morissette', 'Gallipolis', 'Dhuri');
INSERT INTO employee VALUES ('Sebastian Crona', 'Gallipolis', 'Aurangabad');
INSERT INTO employee VALUES ('Katelyn Schmeler', 'Nags Head', 'Nagpur');

INSERT INTO company VALUES ('ABC', 'Nagpur');
INSERT INTO company VALUES ('Google', 'Dhuri');
INSERT INTO company VALUES ('Universal', 'Kolkata');

INSERT INTO works VALUES ('Amy Lowe', 'Universal', 363539);
INSERT INTO works VALUES ('Kennith Lind', 'Universal', 146269);
INSERT INTO works VALUES ('Dr. Eloy Huel', 'ABC', 749757);
INSERT INTO works VALUES ('Chad Hilll', 'Universal', 360733);
INSERT INTO works VALUES ('Daphne Rogahn', 'Universal', 173144);
INSERT INTO works VALUES ('Garrett Stanton', 'Google', 544437);
INSERT INTO works VALUES ('Mrs. Monroe Hackett', 'Google', 829012);
INSERT INTO works VALUES ('Antonia Dooley', 'Google', 359011);
INSERT INTO works VALUES ('Hayley Durgan', 'Universal', 231720);
INSERT INTO works VALUES ('Mrs. Alaina Ward', 'Universal', 58430);
INSERT INTO works VALUES ('Nickolas Mann', 'Google', 162485);
INSERT INTO works VALUES ('Monserrate Davis', 'ABC', 654441);
INSERT INTO works VALUES ('Bella McClure', 'ABC', 969070);
INSERT INTO works VALUES ('Ethyl Gorczany', 'ABC', 400443);
INSERT INTO works VALUES ('Royce Mayer', 'Google', 55471);
INSERT INTO works VALUES ('Ms. Jabari McKenzie', 'ABC', 955935);
INSERT INTO works VALUES ('Amanda Romaguera', 'Universal', 160785);
INSERT INTO works VALUES ('Juliana Morissette', 'Google', 630299);
INSERT INTO works VALUES ('Sebastian Crona', 'Google', 941852);
INSERT INTO works VALUES ('Katelyn Schmeler', 'ABC', 36456);

INSERT INTO manages VALUES ('Bella McClure', 'Ms. Jabari McKenzie');
INSERT INTO manages VALUES ('Nickolas Mann', 'Daphne Rogahn');
INSERT INTO manages VALUES ('Kennith Lind', 'Amy Lowe');
INSERT INTO manages VALUES ('Mrs. Alaina Ward', 'Mrs. Monroe Hackett');
INSERT INTO manages VALUES ('Garrett Stanton', 'Dr. Eloy Huel');
INSERT INTO manages VALUES ('Royce Mayer', 'Ms. Jabari McKenzie');
INSERT INTO manages VALUES ('Sebastian Crona', 'Daphne Rogahn');
INSERT INTO manages VALUES ('Ethyl Gorczany', 'Amy Lowe');
INSERT INTO manages VALUES ('Katelyn Schmeler', 'Mrs. Monroe Hackett');
INSERT INTO manages VALUES ('Amanda Romaguera', 'Dr. Eloy Huel');
INSERT INTO manages VALUES ('Juliana Morissette', 'Ms. Jabari McKenzie');
INSERT INTO manages VALUES ('Hayley Durgan', 'Daphne Rogahn');
INSERT INTO manages VALUES ('Antonia Dooley', 'Amy Lowe');
INSERT INTO manages VALUES ('Monserrate Davis', 'Mrs. Monroe Hackett');
INSERT INTO manages VALUES ('Chad Hilll', 'Dr. Eloy Huel');